{"accuracy": [0.6081465482711792, 0.859014093875885, 0.9135425090789795, 0.9398253560066223, 0.9547019004821777, 0.964245080947876, 0.9710149168968201, 0.9769740700721741, 0.9786807298660278, 0.9817669987678528], "loss": [1.3228343725204468, 0.4467621445655823, 0.26803451776504517, 0.18575230240821838, 0.13734860718250275, 0.1077534556388855, 0.08707398921251297, 0.0719624012708664, 0.06560619920492172, 0.05497279763221741], "val_accuracy": [0.8578989505767822, 0.9178237915039062, 0.9356362223625183, 0.9391076564788818, 0.9531072378158569, 0.956407904624939, 0.963350772857666, 0.9624971747398376, 0.9688709378242493, 0.9689278602600098], "val_loss": [0.46054449677467346, 0.25382092595100403, 0.20313988626003265, 0.19080688059329987, 0.14545808732509613, 0.1527673453092575, 0.11760450899600983, 0.13056136667728424, 0.09813806414604187, 0.11438053846359253]}